Datetime,Water Level (m)
2026-01-02 06:00:00,0.07570017
2026-01-02 07:00:00,-0.2190803
2026-01-02 08:00:00,-0.4991757
2026-01-02 09:00:00,-0.7184636
2026-01-02 10:00:00,-0.9047228
2026-01-02 11:00:00,-1.0484219
2026-01-02 12:00:00,-1.0610143
2026-01-02 13:00:00,-0.49106225
2026-01-02 14:00:00,-0.012793839
2026-01-02 15:00:00,0.48342746
2026-01-02 16:00:00,0.7823487
2026-01-02 17:00:00,0.85833
2026-01-02 18:00:00,0.7013325
2026-01-02 19:00:00,0.30874437
2026-01-02 20:00:00,-0.03736329
2026-01-02 21:00:00,-0.34481433
2026-01-02 22:00:00,-0.5738292
2026-01-02 23:00:00,-0.7673232
2026-01-03 00:00:00,-0.9281905
2026-01-03 01:00:00,-0.9711534
2026-01-03 02:00:00,-0.426753
2026-01-03 03:00:00,0.0039950972
2026-01-03 04:00:00,0.35787162
2026-01-03 05:00:00,0.5055904
2026-01-03 06:00:00,0.39449167
2026-01-03 07:00:00,0.05015207
2026-01-03 08:00:00,-0.26270005
2026-01-03 09:00:00,-0.55192786
2026-01-03 10:00:00,-0.76550686
2026-01-03 11:00:00,-0.947174
2026-01-03 12:00:00,-1.0849749
2026-01-03 13:00:00,-1.0282587
2026-01-03 14:00:00,-0.399728
2026-01-03 15:00:00,0.08423105
2026-01-03 16:00:00,0.58851695
2026-01-03 17:00:00,0.87990654
2026-01-03 18:00:00,0.9334903
2026-01-03 19:00:00,0.70148486
2026-01-03 20:00:00,0.26852605
2026-01-03 21:00:00,-0.08503731
2026-01-03 22:00:00,-0.38953394
2026-01-03 23:00:00,-0.61302227
2026-01-04 00:00:00,-0.8115338
2026-01-04 01:00:00,-0.970238
2026-01-04 02:00:00,-0.9433061
2026-01-04 03:00:00,-0.29452157
2026-01-04 04:00:00,0.11100138
2026-01-04 05:00:00,0.4542953
2026-01-04 06:00:00,0.5415919
2026-01-04 07:00:00,0.35692447
2026-01-04 08:00:00,0.001999254
2026-01-04 09:00:00,-0.3056136
2026-01-04 10:00:00,-0.5836906
2026-01-04 11:00:00,-0.78544915
2026-01-04 12:00:00,-0.97167325
2026-01-04 13:00:00,-1.0906756
2026-01-04 14:00:00,-0.94211584
2026-01-04 15:00:00,-0.3036836
2026-01-04 16:00:00,0.2018365
2026-01-04 17:00:00,0.69365585
2026-01-04 18:00:00,0.92181265
2026-01-04 19:00:00,0.8818501
2026-01-04 20:00:00,0.5374615
2026-01-04 21:00:00,0.13528268
2026-01-04 22:00:00,-0.21377015
2026-01-04 23:00:00,-0.4861929
2026-01-05 00:00:00,-0.6950188
2026-01-05 01:00:00,-0.8911909
2026-01-05 02:00:00,-1.0202508
2026-01-05 03:00:00,-0.8443634
2026-01-05 04:00:00,-0.20975043
2026-01-05 05:00:00,0.18803968
2026-01-05 06:00:00,0.4852711
2026-01-05 07:00:00,0.50683963
2026-01-05 08:00:00,0.26659343
2026-01-05 09:00:00,-0.075066485
2026-01-05 10:00:00,-0.37906292
2026-01-05 11:00:00,-0.6385142
2026-01-05 12:00:00,-0.83497065
2026-01-05 13:00:00,-1.0061262
2026-01-05 14:00:00,-1.0993403
2026-01-05 15:00:00,-0.78710675
2026-01-05 16:00:00,-0.2031552
2026-01-05 17:00:00,0.314646
2026-01-05 18:00:00,0.7368676
2026-01-05 19:00:00,0.8753554
2026-01-05 20:00:00,0.7448188
2026-01-05 21:00:00,0.34385046
2026-01-05 22:00:00,-0.023962906
2026-01-05 23:00:00,-0.3543027
2026-01-06 00:00:00,-0.5986261
2026-01-06 01:00:00,-0.7995834
2026-01-06 02:00:00,-0.9790838
2026-01-06 03:00:00,-1.0599144
2026-01-06 04:00:00,-0.65411824
2026-01-06 05:00:00,-0.1305597
2026-01-06 06:00:00,0.26365194
2026-01-06 07:00:00,0.48305702
2026-01-06 08:00:00,0.43856028
2026-01-06 09:00:00,0.16153508
2026-01-06 10:00:00,-0.16342932
2026-01-06 11:00:00,-0.45678782
2026-01-06 12:00:00,-0.6902445
2026-01-06 13:00:00,-0.8756001
2026-01-06 14:00:00,-1.0300887
2026-01-06 15:00:00,-1.0661722
2026-01-06 16:00:00,-0.5668649
2026-01-06 17:00:00,-0.07033926
2026-01-06 18:00:00,0.4356214
2026-01-06 19:00:00,0.7312271
2026-01-06 20:00:00,0.76017004
2026-01-06 21:00:00,0.52992934
2026-01-06 22:00:00,0.13323173
2026-01-06 23:00:00,-0.20629074
2026-01-07 00:00:00,-0.50040424
2026-01-07 01:00:00,-0.7098704
2026-01-07 02:00:00,-0.907318
2026-01-07 03:00:00,-1.0439178
2026-01-07 04:00:00,-1.0179133
2026-01-07 05:00:00,-0.43657097
2026-01-07 06:00:00,-0.028158862
2026-01-07 07:00:00,0.3276156
2026-01-07 08:00:00,0.4526271
2026-01-07 09:00:00,0.36185375
2026-01-07 10:00:00,0.063668594
2026-01-07 11:00:00,-0.23429637
2026-01-07 12:00:00,-0.51380855
2026-01-07 13:00:00,-0.72397625
2026-01-07 14:00:00,-0.8913755
2026-01-07 15:00:00,-1.0136112
2026-01-07 16:00:00,-0.90681285
2026-01-07 17:00:00,-0.33874243
2026-01-07 18:00:00,0.09266722
2026-01-07 19:00:00,0.50021404
2026-01-07 20:00:00,0.6632041
2026-01-07 21:00:00,0.5944003
2026-01-07 22:00:00,0.2883032
2026-01-07 23:00:00,-0.05359024
2026-01-08 00:00:00,-0.36429217
2026-01-08 01:00:00,-0.60836494
2026-01-08 02:00:00,-0.7979694
2026-01-08 03:00:00,-0.9668027
2026-01-08 04:00:00,-1.0504454
2026-01-08 05:00:00,-0.8046983
2026-01-08 06:00:00,-0.29949456
